rank,feature,gain,split_count
1,sub_code,587449280.1618652,12976
2,horizon,265230093.9074707,5653
3,sub_category,102450934.52929688,2121
4,feature_al,43221932.42163086,1834
5,feature_cf,18361795.18383789,232
6,feature_a,16486657.728515625,677
7,code,14966909.755371094,163
8,feature_as,14862866.560058594,280
9,feature_ai,14558828.498291016,349
10,feature_cg,13951577.786621094,307
11,feature_aq,13746903.643798828,341
12,feature_u,12793782.77758789,122
13,feature_bp_lag_1,12164534.613769531,72
14,feature_ar,9649085.025390625,215
15,feature_am,9326087.7734375,118
16,feature_ao_lag_1,9035792.896972656,50
17,feature_ao,8035611.2900390625,80
18,feature_v,7713876.966064453,173
19,feature_v_rolling_mean_7,7278586.294189453,129
20,feature_v_lag_28,7186818.470214844,225
21,feature_i,7118507.9658203125,125
22,feature_cf_lag_14,6977909.507568359,102
23,feature_cb,6947236.250244141,188
24,feature_ai_lag_1,6810147.040527344,143
25,feature_m_lag_21,6388373.539550781,114
26,feature_al_rolling_mean_7,6058834.188720703,325
27,feature_by,5950044.118896484,184
28,feature_cg_rolling_mean_7,5904525.4169921875,150
29,feature_cg_lag_1,5802209.241455078,129
30,feature_bg_lag_28,5750793.016845703,158
31,feature_v_rolling_mean_3,5734270.705078125,104
32,feature_m_lag_28,5706761.290771484,107
33,feature_v_lag_1,5589312.634765625,125
34,feature_aq_lag_1,5330791.379150391,161
35,feature_bp_lag_28,5239680.719482422,46
36,feature_v_lag_5,5042438.2802734375,109
37,feature_bg_lag_21,4978792.8701171875,133
38,feature_as_lag_1,4911561.972167969,113
39,feature_an_rolling_mean_7,4860645.470458984,23
40,feature_cf_lag_1,4796973.413330078,101
41,feature_ar_lag_1,4387454.6650390625,108
42,feature_am_lag_1,4330760.418701172,87
43,feature_as_rolling_mean_3,4166822.333984375,85
44,feature_ca,3996387.1049804688,95
45,feature_am_lag_5,3966567.1015625,65
46,feature_l_lag_28,3895619.6840820312,93
47,feature_aq_lag_14,3859307.1645507812,121
48,feature_bp,3853165.3515625,52
49,feature_ce,3807020.9594726562,162
50,feature_am_lag_14,3630546.2001953125,70
51,feature_m_rolling_mean_7,3627979.71484375,56
52,feature_cf_rolling_mean_3,3555583.1508789062,68
53,feature_aq_rolling_mean_3,3553628.149169922,83
54,feature_i_lag_28,3532079.326171875,95
55,feature_v_lag_21,3530279.7829589844,120
56,feature_am_rolling_mean_7,3527147.3159179688,55
57,feature_as_rolling_mean_7,3503801.8051757812,95
58,feature_cg_lag_28,3487587.1166992188,154
59,feature_cg_rolling_mean_3,3478676.6948242188,91
60,feature_cf_lag_3,3451367.7426757812,83
61,feature_bz,3445891.6110839844,101
62,feature_cg_lag_21,3434248.376953125,111
63,feature_cd,3416622.51171875,123
64,feature_m,3335158.03515625,86
65,feature_bz_lag_28,3265618.1162109375,74
66,feature_ai_rolling_mean_3,3246950.8740234375,84
67,feature_m_lag_14,3231030.2060546875,73
68,feature_ce_lag_28,3170198.5458984375,140
69,feature_h_rolling_std_7,3091200.2822265625,148
70,feature_ce_lag_21,3087875.3947753906,141
71,feature_by_rolling_mean_7,3027395.1811523438,75
72,feature_as_lag_3,3011098.6188964844,78
73,feature_bp_lag_21,2958608.7280273438,46
74,feature_v_lag_14,2935050.9897460938,100
75,feature_i_lag_1,2892017.2866210938,66
76,feature_cg_lag_3,2831127.9575195312,81
77,feature_cd_lag_1,2824162.4438476562,94
78,feature_bg,2805322.6333007812,100
79,feature_am_lag_3,2770987.27734375,53
80,feature_cf_rolling_mean_7,2726881.202392578,66
81,feature_aj,2721243.4985351562,110
82,feature_cb_lag_28,2664500.6623535156,85
83,feature_ai_lag_14,2660779.2939453125,79
84,feature_bp_rolling_mean_3,2647824.579345703,29
85,feature_aq_rolling_mean_7,2641423.007080078,74
86,feature_m_lag_1,2629952.7875976562,56
87,feature_z_lag_28,2622890.4338378906,101
88,feature_l_lag_21,2621115.451171875,74
89,feature_l,2542764.525390625,67
90,feature_by_lag_28,2506908.8891601562,91
91,feature_by_lag_14,2492205.4008789062,75
92,feature_ai_rolling_mean_7,2492205.322265625,94
93,feature_ca_lag_5,2474753.60546875,32
94,feature_cb_lag_14,2469157.6801757812,76
95,feature_aq_lag_21,2463091.9780273438,68
96,feature_u_rolling_mean_7,2455395.5698242188,52
97,feature_cf_lag_28,2446645.1127929688,99
98,feature_ce_rolling_mean_7,2433355.893432617,93
99,feature_ao_lag_3,2426311.900390625,18
100,feature_a_rolling_mean_7,2390351.756591797,110
101,feature_bl_rolling_mean_3,2370613.498046875,12
102,feature_ca_lag_14,2367030.607788086,52
103,feature_u_lag_1,2366817.3388671875,45
104,feature_af_lag_14,2364164.4428710938,46
105,feature_ai_lag_3,2323791.5537109375,39
106,feature_cg_lag_14,2311227.3264160156,93
107,feature_bz_lag_5,2305065.094482422,60
108,feature_z,2297001.8037109375,99
109,feature_by_lag_1,2278275.6982421875,73
110,feature_v_rolling_std_7,2227221.3095703125,133
111,feature_ao_rolling_mean_3,2208500.498046875,19
112,feature_cd_lag_14,2182436.1215820312,76
113,feature_as_lag_5,2159276.2329101562,75
114,feature_i_lag_21,2155797.0798339844,59
115,feature_by_lag_5,2115443.5771484375,74
116,feature_ar_lag_21,2114894.0483398438,54
117,feature_u_lag_14,2111384.395751953,42
118,feature_cb_rolling_mean_7,2103855.0395507812,54
119,feature_ce_lag_14,2099367.6396484375,101
120,feature_af_lag_28,2086242.4484863281,87
121,feature_j_rolling_std_7,2070509.7526855469,112
122,feature_h_lag_28,2066536.0034179688,73
123,feature_bp_lag_3,2065963.5469970703,26
124,feature_j_lag_28,2065415.9453125,76
125,feature_m_lag_3,2064254.3999023438,36
126,feature_ce_lag_1,2056634.7177734375,84
127,feature_as_lag_28,2044878.3447265625,88
128,feature_ah_lag_28,2042436.6435546875,92
129,feature_am_rolling_mean_3,2032633.2182617188,58
130,feature_by_lag_3,1997656.0205078125,43
131,feature_af_lag_1,1995560.0739746094,56
132,feature_ar_lag_28,1988381.9792480469,54
133,feature_ar_rolling_mean_7,1977026.251953125,53
134,feature_m_rolling_mean_3,1967089.8349609375,34
135,feature_cf_lag_21,1959734.0209960938,74
136,feature_aq_lag_5,1943775.6083984375,54
137,feature_s_rolling_std_7,1911857.5649414062,38
138,feature_as_lag_14,1889367.9575195312,72
139,feature_i_lag_3,1851958.1552734375,35
140,feature_bl_lag_21,1851076.0224609375,40
141,feature_bl_lag_28,1849035.2783203125,63
142,feature_af_lag_5,1818907.4877929688,35
143,feature_h_lag_21,1812320.701171875,62
144,feature_cg_rolling_std_7,1797292.4992675781,68
145,feature_am_lag_28,1792188.0131835938,52
146,feature_j_lag_21,1790732.7387695312,59
147,feature_cd_rolling_mean_3,1786735.1008300781,72
148,feature_r,1743561.37890625,56
149,feature_ad_lag_28,1740992.9897460938,71
150,feature_h,1739951.986328125,50
151,feature_bz_lag_21,1738277.0537109375,52
152,feature_cb_rolling_mean_3,1710272.06640625,47
153,feature_ce_rolling_mean_3,1683086.0793457031,66
154,feature_af,1674777.6457519531,81
155,feature_am_lag_21,1673169.5224609375,44
156,feature_cb_lag_1,1666729.0129394531,80
157,feature_i_lag_14,1662343.5727539062,64
158,feature_u_lag_3,1646905.6201171875,31
159,feature_n_lag_21,1638198.7614746094,60
160,feature_z_lag_21,1591234.7446289062,75
161,feature_ar_rolling_mean_3,1590394.015625,48
162,feature_ad_lag_21,1560036.5588378906,66
163,feature_bh,1546364.4287109375,56
164,feature_n,1544386.806640625,48
165,feature_l_lag_14,1530188.7998046875,35
166,feature_cc,1517757.6574707031,56
167,feature_by_lag_21,1506741.759765625,65
168,feature_bh_lag_28,1492878.1545410156,77
169,feature_aq_lag_3,1489183.28515625,40
170,feature_bd_lag_28,1485178.1330566406,72
171,feature_v_lag_3,1482594.287109375,43
172,feature_ao_lag_5,1477479.7060546875,25
173,feature_cd_lag_21,1473740.2172851562,66
174,feature_bg_lag_14,1471398.37890625,58
175,feature_cb_lag_3,1463023.9116210938,44
176,feature_bl,1456924.3630371094,39
177,feature_bn_rolling_std_7,1436782.2080078125,81
178,feature_aj_lag_28,1433413.2275390625,69
179,feature_as_lag_21,1432169.1411132812,61
180,feature_aj_lag_1,1431120.6196289062,54
181,feature_ao_rolling_mean_7,1411860.1674804688,22
182,feature_r_lag_28,1408818.4846191406,65
183,feature_j,1407434.1435546875,65
184,feature_z_lag_14,1406734.4090576172,70
185,feature_cd_rolling_mean_7,1406729.9301757812,72
186,feature_bg_rolling_mean_3,1405010.1884765625,53
187,feature_aj_lag_21,1400863.0307617188,63
188,feature_cc_lag_14,1399717.83984375,40
189,feature_af_lag_21,1396948.2514648438,51
190,feature_ah_lag_21,1380304.6613769531,68
191,feature_bg_rolling_mean_7,1378938.2788085938,55
192,feature_af_rolling_mean_7,1375977.5043945312,54
193,feature_ad,1365273.7766113281,48
194,feature_bh_rolling_std_7,1342647.0600585938,82
195,feature_ca_lag_21,1308361.1962890625,33
196,feature_bm_lag_28,1297877.0688476562,53
197,feature_bm_rolling_std_7,1281716.9135742188,28
198,feature_u_lag_28,1279725.4418945312,52
199,feature_ai_lag_5,1277982.8725585938,67
200,feature_l_rolling_mean_7,1272346.1286621094,48
201,feature_l_lag_5,1270544.2006835938,30
202,feature_ah_lag_14,1267598.7028808594,55
203,feature_n_lag_1,1260157.6000976562,37
204,feature_cg_lag_5,1259688.2111816406,54
205,feature_ar_lag_5,1246809.3562011719,47
206,feature_n_lag_28,1246080.4528808594,65
207,feature_n_lag_14,1245908.5620117188,52
208,feature_aj_lag_14,1225318.5441894531,42
209,feature_i_rolling_mean_3,1201677.2104492188,37
210,feature_al_rolling_std_7,1191573.390625,64
211,feature_ca_rolling_mean_7,1188571.4833984375,27
212,feature_ah,1188503.9274902344,62
213,feature_an,1179880.4609375,26
214,feature_aq_lag_28,1177564.1140136719,49
215,feature_bg_lag_1,1167824.1318359375,44
216,feature_cf_lag_5,1167302.4438476562,28
217,feature_bz_lag_3,1148479.7827148438,37
218,feature_bd_lag_21,1146379.0874023438,59
219,feature_cb_lag_21,1141226.9116210938,60
220,feature_ai_lag_21,1135679.2807617188,42
221,feature_cb_lag_5,1133615.8935546875,50
222,feature_z_lag_1,1133614.9799804688,41
223,feature_a_rolling_mean_3,1125163.8269042969,57
224,feature_a_rolling_std_7,1124640.3266601562,59
225,feature_cd_lag_5,1123598.4738769531,46
226,feature_ce_lag_5,1115897.6193847656,54
227,feature_r_lag_21,1110638.3366699219,38
228,feature_ar_lag_14,1100654.6264648438,46
229,feature_az,1089759.6440429688,40
230,feature_u_lag_21,1070906.2126464844,49
231,feature_k,1063008.7666015625,42
232,feature_n_lag_3,1062137.2568359375,24
233,feature_bd_rolling_std_7,1059311.0908203125,59
234,feature_z_rolling_mean_7,1051712.0778808594,43
235,feature_h_lag_1,1048258.2446289062,30
236,feature_be_rolling_std_7,1046949.3635253906,67
237,feature_ad_lag_14,1040206.6398925781,48
238,feature_bz_rolling_mean_3,1037629.8608398438,27
239,feature_af_lag_3,1030508.2583007812,33
240,feature_ao_lag_21,1027779.3388671875,26
241,feature_ah_rolling_std_7,1027087.197265625,58
242,feature_bh_lag_21,1014013.1213378906,56
243,feature_h_lag_14,1010728.2021484375,37
244,feature_cd_lag_28,997022.8259277344,51
245,feature_cc_lag_28,990610.2607421875,29
246,feature_bl_lag_14,970503.7495117188,30
247,feature_be,965792.6706542969,39
248,feature_ca_lag_1,961325.7470703125,35
249,feature_az_lag_28,940321.6713867188,45
250,feature_i_lag_5,936297.8842773438,39
251,feature_ce_lag_3,931943.1630859375,44
252,feature_aj_rolling_mean_3,930938.8068847656,32
253,feature_bf,930768.8381347656,40
254,feature_ca_rolling_mean_3,923192.4333496094,30
255,feature_ao_lag_28,917640.1508789062,18
256,feature_by_rolling_mean_3,913089.9641113281,26
257,feature_cf_rolling_std_7,908702.1337890625,47
258,feature_i_rolling_mean_7,902988.0043945312,33
259,feature_cc_lag_5,902881.4985351562,23
260,feature_cd_lag_3,901764.4643554688,42
261,feature_bd_lag_5,898649.6845703125,34
262,feature_af_rolling_mean_3,890416.6958007812,35
263,feature_cc_lag_1,887944.7109375,34
264,feature_r_rolling_mean_7,883704.0517578125,33
265,feature_be_lag_28,881762.4580078125,42
266,feature_bd,881245.7021484375,49
267,feature_ca_lag_3,881099.9497070312,37
268,feature_bf_rolling_std_7,872464.4111328125,51
269,feature_aj_lag_3,871578.0112304688,29
270,feature_cc_rolling_mean_7,870704.5473632812,28
271,feature_k_lag_21,859961.3182373047,36
272,feature_bg_lag_5,850621.1975097656,39
273,feature_bd_lag_1,844645.8286132812,39
274,feature_bo_lag_28,842885.8073730469,38
275,feature_k_lag_1,840240.4113769531,29
276,feature_m_lag_5,833555.7136230469,34
277,feature_bg_lag_3,827269.8662109375,36
278,feature_ao_lag_14,808938.7490234375,15
279,feature_bh_lag_1,808068.0288085938,36
280,feature_bh_lag_14,807237.1513671875,41
281,feature_j_lag_1,807203.9658203125,28
282,feature_k_lag_28,806665.4228515625,39
283,feature_aj_rolling_mean_7,801828.1713867188,38
284,feature_be_lag_14,799611.3984375,39
285,feature_ar_lag_3,799295.9812011719,39
286,feature_ad_lag_5,792624.5400390625,24
287,feature_be_lag_21,789511.7783203125,32
288,feature_bn_lag_21,785975.1796875,33
289,feature_j_lag_14,785578.5073242188,36
290,feature_k_rolling_std_7,772518.8488769531,39
291,feature_h_lag_5,770883.65234375,28
292,feature_bz_lag_1,768604.3979492188,38
293,feature_ai_lag_28,766323.6225585938,37
294,feature_bf_lag_28,763862.0693359375,43
295,feature_u_rolling_mean_3,763764.3076171875,29
296,feature_bq,750974.23046875,36
297,feature_bz_lag_14,749485.1843261719,32
298,feature_y_lag_21,747479.2097167969,45
299,feature_bz_rolling_mean_7,743669.0080566406,44
300,feature_bl_lag_1,742387.6796875,21
301,feature_x,739820.6987304688,31
302,feature_z_lag_3,737391.4897460938,24
303,feature_k_lag_14,731512.552734375,33
304,feature_h_rolling_mean_7,728885.4780273438,29
305,feature_n_rolling_mean_3,726466.8383789062,28
306,feature_ac_lag_28,721303.3569335938,42
307,feature_ca_lag_28,712725.42578125,38
308,feature_bp_rolling_mean_7,701736.6005859375,27
309,feature_n_rolling_mean_7,696176.8569335938,35
310,feature_bd_lag_14,695233.794921875,41
311,feature_bp_lag_14,694144.6403808594,42
312,feature_y_lag_28,687513.7934570312,41
313,feature_y,683234.73046875,41
314,feature_r_lag_3,665850.3671875,33
315,feature_ad_rolling_mean_7,644875.5590820312,28
316,feature_j_lag_5,639440.1479492188,28
317,feature_at,638331.998046875,28
318,feature_z_rolling_mean_3,633220.7495117188,28
319,feature_bd_rolling_mean_7,619138.8952636719,26
320,feature_cc_rolling_std_7,618027.3884277344,30
321,feature_r_lag_14,617631.5278320312,31
322,feature_bn_lag_28,609701.720703125,35
323,feature_ah_lag_5,601020.2780761719,34
324,feature_az_lag_14,596038.7111816406,28
325,feature_ae_lag_14,590358.3271484375,18
326,feature_cc_lag_21,583144.490234375,14
327,feature_ap_lag_21,578154.548828125,11
328,feature_ch_lag_28,576175.388671875,17
329,feature_l_lag_3,571726.2131347656,18
330,feature_bn,567331.6083984375,32
331,feature_bm,566184.7060546875,25
332,feature_l_lag_1,556571.9365234375,20
333,feature_aj_lag_5,553153.0183105469,18
334,feature_r_lag_5,551324.1704101562,21
335,feature_h_lag_3,547114.0717773438,18
336,feature_at_lag_1,542109.4404296875,19
337,feature_ai_rolling_std_7,541711.2307128906,23
338,feature_bx_rolling_std_7,536062.9174804688,17
339,feature_u_lag_5,525209.9521484375,13
340,feature_l_rolling_mean_3,523213.74560546875,22
341,feature_be_lag_1,511142.7883300781,24
342,feature_ay_rolling_mean_7,508341.103515625,27
343,feature_bh_rolling_mean_7,507180.6435546875,21
344,feature_z_lag_5,506602.2307128906,31
345,feature_cc_lag_3,505085.61474609375,20
346,feature_at_lag_28,502536.88720703125,27
347,feature_ad_lag_1,500994.7321777344,32
348,feature_bq_lag_1,499269.234375,20
349,feature_ah_lag_1,499267.009765625,28
350,feature_bz_rolling_std_7,498672.44140625,24
351,feature_bm_lag_5,496112.54541015625,17
352,feature_ap,496098.310546875,9
353,feature_al_rolling_mean_3,493585.13037109375,44
354,feature_bd_lag_3,492804.1826171875,27
355,feature_bf_lag_14,489818.8046875,26
356,feature_bh_lag_5,487973.8767089844,24
357,feature_ae_lag_28,478944.11572265625,23
358,feature_bf_lag_21,478166.8759765625,26
359,feature_bo,456253.1696777344,15
360,feature_ah_rolling_mean_7,455594.509765625,22
361,feature_ae_lag_5,453387.28857421875,12
362,feature_az_lag_1,453224.40478515625,21
363,feature_al_lag_28,452276.27001953125,51
364,feature_bd_rolling_mean_3,449602.0634765625,17
365,feature_ad_rolling_mean_3,446698.9033203125,18
366,feature_r_rolling_mean_3,441198.7509765625,23
367,feature_at_rolling_mean_7,439282.31884765625,30
368,feature_j_rolling_mean_7,430800.66943359375,20
369,feature_r_lag_1,430062.0231933594,18
370,feature_bl_lag_5,426888.32275390625,20
371,feature_ae_lag_21,424391.99951171875,23
372,feature_ap_lag_14,424022.419921875,14
373,feature_be_rolling_mean_3,423175.75732421875,17
374,feature_ag_lag_28,421832.1455078125,20
375,feature_bo_lag_14,416010.6943359375,18
376,feature_bn_lag_14,410908.9443359375,23
377,feature_be_lag_3,403612.06005859375,14
378,feature_az_lag_21,403591.00390625,30
379,feature_j_rolling_mean_3,403215.0322265625,15
380,feature_a_lag_1,400395.45556640625,23
381,feature_bf_lag_3,399896.77587890625,16
382,feature_cb_rolling_std_7,398027.84912109375,31
383,feature_an_rolling_mean_3,391848.9938964844,14
384,feature_ac,388562.36376953125,21
385,feature_ag_lag_21,387540.03662109375,20
386,feature_ae,385896.1618652344,11
387,feature_x_lag_14,385829.44873046875,15
388,feature_ar_rolling_std_7,385637.86083984375,21
389,feature_y_lag_14,384025.3095703125,21
390,feature_at_lag_3,383332.78515625,17
391,feature_as_rolling_std_7,382978.81103515625,19
392,feature_bm_lag_21,381964.693359375,15
393,feature_bq_rolling_std_7,374950.25244140625,20
394,feature_bl_lag_3,373962.77685546875,16
395,feature_bp_lag_5,373137.3505859375,18
396,feature_j_lag_3,370247.373046875,16
397,feature_ap_lag_1,368335.27197265625,7
398,feature_ay_lag_28,368254.08935546875,24
399,feature_be_lag_5,367855.2138671875,22
400,feature_bq_rolling_mean_3,367025.017578125,15
401,feature_at_lag_5,365708.72216796875,22
402,feature_ak,361937.7392578125,22
403,feature_bf_rolling_mean_7,359772.103515625,17
404,feature_ay_lag_21,358196.5895996094,25
405,feature_y_lag_1,354988.13720703125,21
406,feature_bh_lag_3,354942.9501953125,14
407,feature_at_lag_14,354147.81005859375,26
408,feature_bq_lag_3,347900.23876953125,17
409,feature_ak_lag_1,343051.9890136719,17
410,feature_cc_rolling_mean_3,342990.7880859375,15
411,feature_bq_rolling_mean_7,340574.75732421875,20
412,feature_bo_lag_21,336485.80078125,20
413,feature_at_lag_21,332492.96728515625,16
414,feature_br_lag_1,330767.4699707031,12
415,feature_br_lag_21,327996.7111816406,8
416,feature_ah_lag_3,326300.45947265625,17
417,feature_bf_rolling_mean_3,324752.59033203125,17
418,feature_ad_lag_3,315948.90625,18
419,feature_bn_rolling_mean_3,312282.228515625,18
420,feature_x_rolling_mean_7,309033.11181640625,15
421,feature_y_rolling_mean_3,307856.3017578125,14
422,feature_ah_rolling_mean_3,306705.55078125,15
423,feature_k_rolling_mean_7,302899.02978515625,15
424,feature_bw_lag_14,302128.85888671875,7
425,feature_ay_lag_5,300719.642578125,19
426,feature_x_lag_21,300287.037109375,11
427,feature_bm_lag_1,299511.3505859375,17
428,feature_at_rolling_mean_3,298806.59130859375,19
429,feature_bm_lag_14,293855.7766113281,20
430,feature_ay_rolling_mean_3,293396.3896484375,17
431,feature_bf_lag_1,292740.7177734375,13
432,feature_an_lag_5,291218.16064453125,16
433,feature_bg_rolling_std_7,290135.86682128906,21
434,feature_y_rolling_mean_7,287230.5009765625,20
435,feature_bk,286773.58154296875,8
436,feature_ac_lag_21,285302.111328125,18
437,feature_br_lag_14,284271.76171875,13
438,feature_be_rolling_mean_7,282464.6005859375,9
439,feature_an_lag_1,281981.25244140625,15
440,feature_al_lag_1,279888.3000488281,24
441,feature_an_lag_28,278919.57958984375,16
442,feature_x_lag_28,278674.41064453125,19
443,feature_ag,276812.59765625,17
444,feature_q,273176.8095703125,15
445,feature_h_rolling_mean_3,268919.48828125,16
446,feature_au_lag_28,268693.177734375,11
447,feature_x_lag_1,268233.25,14
448,feature_ak_lag_21,265998.501953125,17
449,feature_bf_lag_5,265278.7978515625,13
450,feature_ch_lag_21,263394.5515136719,13
451,feature_ac_lag_3,262691.72314453125,13
452,feature_az_rolling_mean_3,260698.7998046875,10
453,feature_ap_lag_28,254394.40234375,9
454,feature_q_rolling_mean_7,254084.609375,10
455,feature_bo_lag_1,249844.89111328125,14
456,feature_aq_rolling_std_7,249069.4912109375,16
457,feature_bl_rolling_mean_7,248596.6591796875,10
458,feature_t,248284.39086914062,15
459,feature_am_rolling_std_7,246866.34033203125,14
460,feature_q_lag_21,245658.2138671875,11
461,feature_bq_lag_5,240696.869140625,8
462,feature_bq_lag_28,240399.16015625,13
463,feature_bm_rolling_mean_3,238414.0390625,9
464,feature_bn_lag_5,237369.501953125,10
465,feature_ac_lag_14,236803.47998046875,10
466,feature_br_rolling_std_7,235033.876953125,7
467,feature_a_lag_28,232465.17895507812,17
468,feature_ap_rolling_mean_7,231323.77392578125,8
469,feature_k_lag_5,227524.4580078125,14
470,feature_bk_rolling_mean_7,223339.12890625,14
471,feature_p_lag_28,223196.16015625,13
472,feature_k_rolling_mean_3,218038.080078125,13
473,feature_bv_lag_3,216616.92333984375,6
474,feature_an_lag_14,216567.67919921875,14
475,feature_bq_lag_21,216224.85986328125,16
476,feature_ak_lag_28,214922.068359375,15
477,feature_bu_lag_28,209599.3984375,2
478,feature_ac_rolling_mean_3,206565.90087890625,5
479,feature_az_lag_3,206146.87060546875,10
480,feature_t_lag_5,203644.8095703125,4
481,feature_ap_rolling_mean_3,203104.35034179688,6
482,feature_q_lag_1,202388.947265625,9
483,feature_ba_lag_28,198804.94653320312,8
484,feature_ae_rolling_mean_7,191195.99951171875,15
485,feature_n_lag_5,186113.60815429688,12
486,feature_bm_rolling_mean_7,184646.19921875,6
487,feature_bk_lag_28,183950.99072265625,8
488,feature_ac_rolling_mean_7,180741.0703125,7
489,feature_x_rolling_mean_3,179119.06298828125,9
490,feature_br_lag_5,176191.7880859375,6
491,feature_ay_lag_1,176045.19897460938,11
492,feature_ap_rolling_std_7,174979.001953125,3
493,feature_ag_rolling_mean_7,174317.0302734375,11
494,feature_ba,171870.1103515625,7
495,feature_bk_lag_5,171223.53979492188,9
496,feature_by_rolling_std_7,169812.29052734375,10
497,feature_bo_rolling_mean_7,168800.4580078125,11
498,feature_p_lag_21,167909.189453125,6
499,feature_ca_rolling_std_7,166719.2001953125,8
500,feature_ay_lag_3,165971.708984375,8
501,feature_a_lag_21,165709.23974609375,15
502,feature_bv,165017.7998046875,6
503,feature_bm_lag_3,163232.6572265625,8
504,feature_br,163104.1875,10
505,feature_bv_rolling_mean_7,162900.296875,5
506,feature_t_rolling_mean_7,161878.44921875,8
507,feature_br_rolling_mean_7,161368.3486328125,6
508,feature_br_lag_28,159619.67236328125,12
509,feature_bn_rolling_mean_7,159260.95849609375,10
510,feature_aw_rolling_mean_7,156618.8125,8
511,feature_ac_lag_1,156552.5771484375,8
512,feature_ag_rolling_mean_3,155984.39013671875,9
513,feature_bc_lag_14,155574.49072265625,10
514,feature_a_lag_5,152511.5673828125,10
515,feature_bk_rolling_std_7,152079.0,8
516,feature_ay,151031.150390625,11
517,feature_ap_lag_5,148552.880859375,5
518,feature_an_lag_21,148521.4609375,8
519,feature_a_lag_14,147387.99072265625,12
520,feature_an_lag_3,145759.25,7
521,feature_q_lag_28,144659.76025390625,14
522,feature_br_lag_3,143200.69921875,6
523,feature_az_rolling_mean_7,142599.1396484375,12
524,feature_l_rolling_std_7,141910.47290039062,9
525,feature_az_lag_5,138421.5166015625,8
526,feature_bj,137879.400390625,2
527,feature_q_lag_14,137809.92041015625,9
528,feature_a_lag_3,134337.39111328125,9
529,feature_ak_lag_5,132373.3623046875,8
530,feature_bs_lag_28,131819.78662109375,5
531,feature_bv_rolling_mean_3,131737.203125,2
532,feature_ch_lag_14,131565.2509765625,5
533,feature_t_lag_28,129112.13037109375,13
534,feature_bo_rolling_std_7,127291.4287109375,11
535,feature_bn_lag_1,127033.8603515625,9
536,feature_k_lag_3,126222.4716796875,12
537,feature_at_rolling_std_7,125290.69091796875,8
538,feature_bk_lag_21,125259.72998046875,7
539,feature_au_lag_21,123197.51245117188,6
540,feature_ad_rolling_std_7,122416.10009765625,11
541,feature_bj_lag_28,121820.021484375,8
542,feature_ak_rolling_mean_3,120856.55126953125,7
543,feature_o_rolling_mean_7,120317.2998046875,4
544,feature_w_rolling_mean_3,119319.169921875,5
545,feature_ak_lag_14,118003.16015625,8
546,feature_bw_lag_21,117509.2392578125,4
547,feature_i_rolling_std_7,117468.5810546875,10
548,feature_bv_lag_5,114864.201171875,3
549,feature_bl_rolling_std_7,113468.9912109375,5
550,feature_au_rolling_mean_7,113467.6376953125,5
551,feature_bq_lag_14,112442.4794921875,10
552,feature_t_lag_14,112328.4501953125,8
553,feature_s,110214.13916015625,9
554,feature_bc_lag_28,109523.529296875,7
555,feature_ba_rolling_mean_7,108590.818359375,8
556,feature_y_lag_3,108408.99975585938,7
557,feature_bb_rolling_mean_3,107973.30810546875,8
558,feature_av_lag_1,106056.3984375,4
559,feature_ax_rolling_mean_3,103538.751953125,4
560,feature_ae_rolling_std_7,103198.330078125,6
561,feature_bt_lag_5,101780.5419921875,3
562,feature_p,99940.390625,7
563,feature_ba_lag_1,99470.66845703125,6
564,feature_aw_lag_28,98671.51025390625,6
565,feature_ba_lag_5,96755.21044921875,8
566,feature_ax_rolling_mean_7,96079.50927734375,5
567,feature_q_lag_3,93950.58984375,6
568,feature_bh_rolling_mean_3,93774.259765625,8
569,feature_ak_lag_3,93558.4794921875,6
570,feature_ag_rolling_std_7,93031.3994140625,4
571,feature_ba_lag_21,91516.689453125,6
572,feature_bu_lag_5,89819.498046875,2
573,feature_bj_lag_21,89559.19165039062,5
574,feature_ch,89241.7509765625,5
575,feature_bx,89073.5,3
576,feature_bv_lag_1,89034.44921875,4
577,feature_aw_lag_21,87655.31958007812,8
578,feature_ae_lag_1,86894.0400390625,6
579,feature_bc,86129.30078125,5
580,feature_bt_lag_1,84870.412109375,3
581,feature_bo_lag_5,84110.9912109375,4
582,feature_ax,83181.0703125,6
583,feature_ac_lag_5,82854.12963867188,7
584,feature_aw,82503.6396484375,8
585,feature_w_lag_21,80868.30078125,3
586,feature_bw_lag_28,80257.30078125,2
587,feature_bk_lag_1,79796.6416015625,3
588,feature_bb_rolling_mean_7,79308.63989257812,5
589,feature_bc_rolling_mean_7,79199.318359375,2
590,feature_av_rolling_mean_7,78054.85986328125,6
591,feature_m_rolling_std_7,77556.169921875,7
592,feature_ch_rolling_mean_7,77166.3291015625,6
593,feature_bt_rolling_mean_3,74954.900390625,2
594,feature_ag_lag_1,74835.21142578125,7
595,feature_bj_rolling_mean_3,72693.80078125,4
596,feature_ae_lag_3,72688.669921875,4
597,feature_bw_lag_3,72298.5,1
598,feature_t_lag_21,72129.51953125,5
599,feature_bs_lag_14,72092.38159179688,3
600,feature_ch_rolling_mean_3,70875.89892578125,3
601,feature_ag_lag_5,70148.46044921875,7
602,feature_ao_rolling_std_7,70123.8984375,2
603,feature_ch_lag_1,69734.69921875,4
604,feature_bo_lag_3,69616.890625,6
605,feature_br_rolling_mean_3,69131.2490234375,7
606,feature_bn_lag_3,68277.54931640625,5
607,feature_bo_rolling_mean_3,67724.3486328125,4
608,feature_q_lag_5,66998.23046875,4
609,feature_ag_lag_3,65898.7587890625,5
610,feature_an_rolling_std_7,64414.701171875,4
611,feature_q_rolling_mean_3,63553.779296875,6
612,feature_bk_lag_14,61727.548828125,4
613,feature_af_rolling_std_7,61317.69921875,3
614,feature_ab_lag_21,60673.35009765625,7
615,feature_az_rolling_std_7,60385.02783203125,4
616,feature_ab,58993.9990234375,4
617,feature_ax_lag_21,58759.22021484375,4
618,feature_ap_lag_3,58520.399658203125,4
619,feature_bj_lag_14,57385.68896484375,5
620,feature_bb_lag_21,56083.1005859375,5
621,feature_ab_lag_1,55974.298828125,2
622,feature_bc_rolling_mean_3,55819.900390625,2
623,feature_y_lag_5,55474.0302734375,6
624,feature_bu_lag_14,52623.11181640625,4
625,feature_bk_rolling_mean_3,52360.759765625,3
626,feature_cd_rolling_std_7,52277.7998046875,5
627,feature_ch_lag_5,51242.701171875,3
628,feature_bt_lag_28,50527.6015625,1
629,feature_aw_lag_1,50042.41064453125,3
630,feature_ba_lag_3,48643.23046875,4
631,feature_al_lag_21,48530.440185546875,10
632,feature_au,47113.1494140625,5
633,feature_ax_lag_14,46881.599609375,4
634,feature_w_rolling_mean_7,46670.80078125,2
635,feature_bj_rolling_mean_7,46655.730712890625,3
636,feature_x_lag_3,46652.58984375,5
637,feature_bs_lag_21,46202.451171875,2
638,feature_bs_rolling_mean_7,45573.0,1
639,feature_bc_lag_1,45315.3994140625,3
640,feature_o_rolling_std_7,44669.900390625,3
641,feature_au_lag_1,44398.0703125,3
642,feature_ag_lag_14,44232.41015625,5
643,feature_bx_rolling_mean_3,44147.69921875,1
644,feature_x_lag_5,43855.29052734375,4
645,feature_p_lag_14,42831.75927734375,4
646,feature_au_lag_14,42412.22998046875,5
647,feature_ce_rolling_std_7,41317.1015625,1
648,feature_p_lag_3,41046.80078125,3
649,feature_ay_rolling_std_7,40735.900390625,3
650,feature_d_rolling_mean_3,39466.099609375,2
651,feature_ay_lag_14,39064.309814453125,6
652,feature_bx_rolling_mean_7,38723.6015625,1
653,feature_bj_lag_5,38398.390625,2
654,feature_ab_lag_14,37994.099609375,3
655,feature_t_lag_3,37892.45947265625,4
656,feature_bx_lag_21,37750.10009765625,2
657,feature_bb_lag_28,37161.09130859375,3
658,feature_av_lag_21,36597.22021484375,4
659,feature_bj_lag_1,35664.5,3
660,feature_p_lag_1,35335.5,1
661,feature_ax_lag_28,35006.800048828125,4
662,feature_aw_rolling_mean_3,34741.77978515625,4
663,feature_s_rolling_mean_3,34454.62939453125,3
664,feature_aw_lag_14,34437.3291015625,3
665,feature_al_lag_3,33461.58984375,4
666,feature_av_lag_14,33132.2197265625,3
667,feature_bb_lag_1,33022.80078125,2
668,feature_e,31857.1904296875,5
669,feature_al_lag_14,30636.119140625,5
670,feature_bs_rolling_mean_3,30091.900390625,1
671,feature_ab_lag_3,29486.2001953125,2
672,feature_ax_lag_5,29413.2998046875,2
673,feature_al_lag_5,29084.810546875,4
674,feature_t_lag_1,28914.669189453125,3
675,feature_s_lag_21,28459.3701171875,2
676,feature_t_rolling_mean_3,28427.83984375,3
677,feature_f_lag_21,28347.009765625,4
678,feature_av,27278.79052734375,2
679,feature_w_lag_14,26684.599609375,1
680,feature_bt_lag_21,25998.90966796875,2
681,feature_bu_rolling_mean_7,25971.92041015625,3
682,feature_bv_lag_14,25861.029296875,2
683,feature_bs,25694.80078125,1
684,feature_bw_rolling_std_7,25532.550048828125,3
685,feature_s_lag_28,25359.369140625,2
686,feature_ab_rolling_mean_3,25242.7900390625,2
687,feature_y_rolling_std_7,24197.599609375,1
688,feature_n_rolling_std_7,23967.900390625,2
689,feature_ak_rolling_mean_7,23474.6298828125,2
690,feature_au_rolling_mean_3,22626.7001953125,2
691,feature_bi_rolling_mean_7,20971.859375,2
692,feature_aj_rolling_std_7,20967.43994140625,3
693,feature_bx_lag_1,20675.599609375,1
694,feature_bs_lag_5,20240.5302734375,3
695,feature_aw_rolling_std_7,20169.0302734375,2
696,feature_z_rolling_std_7,19018.3603515625,2
697,feature_bu_rolling_std_7,18884.02001953125,2
698,feature_bb_lag_5,18466.15966796875,2
699,feature_ba_lag_14,17377.6494140625,2
700,feature_aw_lag_3,17329.379638671875,3
701,feature_ab_lag_5,16544.66015625,2
702,feature_w_rolling_std_7,16240.12060546875,2
703,feature_bt_rolling_std_7,15386.0,1
704,feature_b_lag_28,15332.2197265625,2
705,feature_bx_lag_5,15006.7001953125,1
706,feature_bs_lag_1,14733.7998046875,1
707,feature_p_rolling_mean_7,14588.2099609375,2
708,feature_s_rolling_mean_7,13983.689697265625,2
709,feature_bb_lag_14,13949.640625,2
710,feature_p_lag_5,13655.599609375,1
711,feature_bt_rolling_mean_7,13171.099609375,1
712,feature_bc_lag_21,13061.5,1
713,feature_av_lag_3,12096.32958984375,2
714,feature_g_lag_5,11854.360107421875,2
715,feature_bi_lag_1,11450.7001953125,1
716,feature_d_lag_5,11365.16015625,2
717,feature_au_lag_3,11332.7001953125,1
718,feature_aw_lag_5,11089.830078125,2
719,feature_bt,10262.2001953125,1
720,feature_av_lag_28,9996.23046875,1
721,feature_ba_rolling_mean_3,9088.619873046875,2
722,feature_au_lag_5,8909.75,1
723,feature_r_rolling_std_7,8901.9599609375,1
724,feature_ae_rolling_mean_3,8885.240234375,1
725,feature_t_rolling_std_7,8797.6904296875,1
726,feature_o_lag_21,8186.2001953125,1
727,feature_w_lag_3,8058.08984375,1
728,feature_bc_lag_3,8004.759765625,1
729,feature_x_rolling_std_7,7839.27978515625,1
730,feature_bw_lag_5,7648.56005859375,1
731,feature_bu_lag_1,7608.85009765625,1
732,feature_ax_lag_1,7370.990234375,1
733,feature_c_rolling_mean_3,7264.56982421875,1
734,feature_c_lag_3,7215.489990234375,2
735,feature_aa_rolling_mean_3,7211.1298828125,1
736,feature_s_lag_1,7192.9599609375,1
737,feature_d_lag_28,7118.64990234375,1
738,feature_e_rolling_std_7,6976.93994140625,1
739,feature_ab_rolling_mean_7,6943.02978515625,1
740,feature_e_lag_14,6920.7001953125,1
741,feature_d,6889.3701171875,1
742,feature_p_rolling_mean_3,6873.10986328125,1
743,feature_s_lag_3,6763.41015625,1
744,feature_bw_rolling_mean_3,6535.240234375,1
745,feature_w,6500.10986328125,1
746,feature_bi_rolling_std_7,6339.35986328125,1
747,feature_av_lag_5,6298.64013671875,1
748,feature_av_rolling_mean_3,6223.830078125,1
749,feature_bi_lag_14,6126.27001953125,1
750,feature_bw,5417.39013671875,1
751,feature_bs_rolling_std_7,5402.47021484375,1
752,feature_bi,5362.580078125,1
753,feature_bp_rolling_std_7,5335.2998046875,1
754,feature_c_lag_5,5251.72998046875,1
755,feature_bu_lag_21,5188.8798828125,1
756,feature_e_lag_3,5124.509765625,1
757,feature_g_rolling_mean_7,4732.77001953125,1
758,feature_e_lag_1,4711.47021484375,1
759,feature_bk_lag_3,4150.16015625,1
760,feature_ab_lag_28,4113.2998046875,1
761,feature_bi_lag_5,4031.409912109375,1
762,feature_bb,3859.43994140625,1
763,feature_e_lag_28,3806.9599609375,1
764,feature_e_rolling_mean_3,3477.469970703125,1
765,feature_f_rolling_std_7,3237.300048828125,1
766,feature_c,3116.47998046875,1
767,feature_b_lag_1,3005.93994140625,1
768,feature_g_lag_21,2747.949951171875,1
769,feature_ac_rolling_std_7,2500.739990234375,1
770,feature_c_lag_21,2332.02001953125,1
771,feature_b_lag_14,2196.68994140625,1
772,feature_b,0.0,0
773,feature_f,0.0,0
774,feature_g,0.0,0
775,feature_o,0.0,0
776,feature_aa,0.0,0
777,feature_bu,0.0,0
778,feature_aa_lag_1,0.0,0
779,feature_aa_lag_3,0.0,0
780,feature_aa_lag_5,0.0,0
781,feature_aa_lag_14,0.0,0
782,feature_aa_lag_21,0.0,0
783,feature_aa_lag_28,0.0,0
784,feature_aa_rolling_mean_7,0.0,0
785,feature_aa_rolling_std_7,0.0,0
786,feature_ab_rolling_std_7,0.0,0
787,feature_ak_rolling_std_7,0.0,0
788,feature_au_rolling_std_7,0.0,0
789,feature_av_rolling_std_7,0.0,0
790,feature_ax_lag_3,0.0,0
791,feature_b_lag_3,0.0,0
792,feature_bb_lag_3,0.0,0
793,feature_b_lag_5,0.0,0
794,feature_bc_lag_5,0.0,0
795,feature_b_lag_21,0.0,0
796,feature_b_rolling_mean_3,0.0,0
797,feature_b_rolling_mean_7,0.0,0
798,feature_ax_rolling_std_7,0.0,0
799,feature_b_rolling_std_7,0.0,0
800,feature_ba_rolling_std_7,0.0,0
801,feature_bb_rolling_std_7,0.0,0
802,feature_bc_rolling_std_7,0.0,0
803,feature_bi_lag_3,0.0,0
804,feature_bj_lag_3,0.0,0
805,feature_bi_lag_21,0.0,0
806,feature_bi_lag_28,0.0,0
807,feature_bi_rolling_mean_3,0.0,0
808,feature_bj_rolling_std_7,0.0,0
809,feature_bs_lag_3,0.0,0
810,feature_bt_lag_3,0.0,0
811,feature_bt_lag_14,0.0,0
812,feature_bw_lag_1,0.0,0
813,feature_c_lag_1,0.0,0
814,feature_bu_lag_3,0.0,0
815,feature_bx_lag_3,0.0,0
816,feature_bx_lag_14,0.0,0
817,feature_c_lag_14,0.0,0
818,feature_bv_lag_21,0.0,0
819,feature_bv_lag_28,0.0,0
820,feature_bx_lag_28,0.0,0
821,feature_c_lag_28,0.0,0
822,feature_bu_rolling_mean_3,0.0,0
823,feature_bw_rolling_mean_7,0.0,0
824,feature_c_rolling_mean_7,0.0,0
825,feature_bv_rolling_std_7,0.0,0
826,feature_c_rolling_std_7,0.0,0
827,feature_d_lag_1,0.0,0
828,feature_ch_lag_3,0.0,0
829,feature_d_lag_3,0.0,0
830,feature_d_lag_14,0.0,0
831,feature_d_lag_21,0.0,0
832,feature_d_rolling_mean_7,0.0,0
833,feature_ch_rolling_std_7,0.0,0
834,feature_d_rolling_std_7,0.0,0
835,feature_f_lag_1,0.0,0
836,feature_g_lag_1,0.0,0
837,feature_f_lag_3,0.0,0
838,feature_g_lag_3,0.0,0
839,feature_e_lag_5,0.0,0
840,feature_f_lag_5,0.0,0
841,feature_f_lag_14,0.0,0
842,feature_g_lag_14,0.0,0
843,feature_e_lag_21,0.0,0
844,feature_f_lag_28,0.0,0
845,feature_g_lag_28,0.0,0
846,feature_f_rolling_mean_3,0.0,0
847,feature_g_rolling_mean_3,0.0,0
848,feature_e_rolling_mean_7,0.0,0
849,feature_f_rolling_mean_7,0.0,0
850,feature_g_rolling_std_7,0.0,0
851,feature_o_lag_1,0.0,0
852,feature_o_lag_3,0.0,0
853,feature_o_lag_5,0.0,0
854,feature_s_lag_5,0.0,0
855,feature_o_lag_14,0.0,0
856,feature_s_lag_14,0.0,0
857,feature_o_lag_28,0.0,0
858,feature_o_rolling_mean_3,0.0,0
859,feature_p_rolling_std_7,0.0,0
860,feature_q_rolling_std_7,0.0,0
861,feature_w_lag_1,0.0,0
862,feature_w_lag_5,0.0,0
863,feature_w_lag_28,0.0,0
864,feature_u_rolling_std_7,0.0,0
